category,customers,repeat_customer_records,repeat_rate_pct
home_appliances,672,60.0,8.928571428571429
fashion_male_clothing,101,7.0,6.9306930693069315
fashion_bags_accessories,1698,102.0,6.007067137809187
fashion_shoes,228,13.0,5.701754385964912
home_confort,379,18.0,4.749340369393139
furniture_decor,6004,283.0,4.7135243171219185
air_conditioning,236,11.0,4.661016949152542
furniture_living_room,395,18.0,4.556962025316456
bed_bath_table,8811,400.0,4.539779820678698
fashion_underwear_beach,114,5.0,4.385964912280701
drinks,270,11.0,4.074074074074074
sports_leisure,7219,282.0,3.906358221360299
costruction_tools_garden,183,7.0,3.825136612021858
fixed_telephony,207,7.0,3.3816425120772946
christmas_supplies,122,4.0,3.278688524590164
food,428,14.0,3.2710280373831773
garden_tools,3360,101.0,3.005952380952381
pet_shop,1633,49.0,3.0006123698714022
computers_accessories,6310,188.0,2.9793977812995247
audio,341,10.0,2.932551319648094
Unknown,1346,39.0,2.8974739970282317
health_beauty,8384,241.0,2.874522900763359
perfumery,3001,86.0,2.865711429523492
housewares,5547,157.0,2.8303587524788174
food_drink,212,6.0,2.8301886792452833
books_general_interest,487,13.0,2.6694045174537986
market_place,268,7.0,2.6119402985074625
construction_tools_safety,154,4.0,2.5974025974025974
art,193,5.0,2.5906735751295336
toys,3697,93.0,2.5155531512036786
telephony,4005,98.0,2.446941323345818
home_construction,461,11.0,2.386117136659436
baby,2729,64.0,2.3451813851227556
home_appliances_2,218,5.0,2.293577981651376
construction_tools_construction,712,16.0,2.247191011235955
stationery,2211,49.0,2.2161917684305745
industry_commerce_and_business,226,5.0,2.2123893805309733
office_furniture,1227,27.0,2.2004889975550124
small_appliances,597,13.0,2.1775544388609713
watches_gifts,5329,116.0,2.176768624507412
kitchen_dining_laundry_garden_furniture,234,5.0,2.1367521367521367
auto,3714,78.0,2.10016155088853
luggage_accessories,992,20.0,2.0161290322580645
cool_stuff,3499,67.0,1.914832809374107
consoles_games,1000,19.0,1.9
musical_instruments,597,11.0,1.8425460636515913
electronics,2473,43.0,1.7387788111605338
signaling_and_security,135,2.0,1.4814814814814816
construction_tools_lights,233,3.0,1.2875536480686696
agro_industry_and_commerce,173,2.0,1.1560693641618496
books_technical,253,2.0,0.7905138339920948
computers,173,1.0,0.5780346820809248
