seller_id,first_orders,repeat_customers,repeat_rate_pct
5b925e1d006e9476d738aa200751b73b,54,9.0,16.666666666666664
99a54764c341d5dc80b4a8fac4eba3fb,37,6.0,16.216216216216218
4559697a8f7e637227c2eeaed843baff,35,5.0,14.285714285714285
efcd8d2104f1a05d028af7bad20d974b,36,5.0,13.88888888888889
6fc26fe110feebd80a433e1f012a84f9,30,4.0,13.333333333333334
232a6014e7b10cba61c6c2b2ea6bb4b0,32,4.0,12.5
aaed1309374718fdd995ee4c58c9dfcd,98,12.0,12.244897959183673
1336efc61c316ddf92c899eb817f7cae,66,8.0,12.121212121212121
dc8798cbf453b7e0f98745e396cc5616,35,4.0,11.428571428571429
f457c46070d02cadd8a68551231220dd,167,19.0,11.377245508982035
6973a06f484aacf400ece213dbf3d946,68,7.0,10.294117647058822
d05ae8f7a5bd1d2a690a44cd079e4e27,70,7.0,10.0
276677b5d08786d5dce7c2149dcce48b,30,3.0,10.0
f00e21b1e91a79653163b7fd8f293ff1,30,3.0,10.0
0ea22c1cfbdc755f86b9b54b39c16043,202,20.0,9.900990099009901
062ce95fa2ad4dfaedfc79260130565f,52,5.0,9.615384615384617
cb3dd9ce66268c7a3ca7241ac70ab58c,42,4.0,9.523809523809524
76d5af76d0271110f9af36c92573f765,117,11.0,9.401709401709402
42bde9fef835393bb8a8849cb6b7f245,32,3.0,9.375
3bdff180c7e1f6551a643b99c265a120,54,5.0,9.25925925925926
ca3bd7cd9f149df75950150d010fe4a2,65,6.0,9.230769230769232
bf3c6d2a28b2b5501e6c15448982dcc9,33,3.0,9.090909090909092
d91fb3b7d041e83b64a00a3edfb37e4f,474,42.0,8.860759493670885
325f3178fb58e2a9778334621eecdbf9,34,3.0,8.823529411764707
3b15288545f8928d3e65a8f949a28291,92,8.0,8.695652173913043
25c5c91f63607446a97b143d2d535d31,139,12.0,8.633093525179856
cce6ab8d1682639fe45ab70234f1665f,58,5.0,8.620689655172415
048c2757535328e0d7dac690ad3c0aae,47,4.0,8.51063829787234
23613d49c3ac2bd302259e55c06c050c,59,5.0,8.47457627118644
dc4a0fc896dc34b0d5bfec8438291c80,201,17.0,8.45771144278607
91f848e9f4be368f4318775aac733370,60,5.0,8.333333333333332
2089a6d640999f9b9141ac719b2af596,36,3.0,8.333333333333332
00fc707aaaad2d31347cf883cd2dfe10,98,8.0,8.16326530612245
c3cfdc648177fdbbbb35635a37472c53,250,20.0,8.0
b1ac6ea7895bc3dd6f0f6f4abbdd2821,38,3.0,7.894736842105263
6df688df543f90e9b38f4319e75a9d88,38,3.0,7.894736842105263
cca3071e3e9bb7d12640c9fbe2301306,635,50.0,7.874015748031496
aba1721a889e04decc910aa13b768ef4,77,6.0,7.792207792207792
9c0e69c7bf2619675bbadf47b43f655a,143,11.0,7.6923076923076925
d650b663c3b5f6fb392b6326366efa9a,52,4.0,7.6923076923076925
fa1a9dec3a9940c072684a46728bf1fc,52,4.0,7.6923076923076925
c6bda72e4dbf5c5866b13cb1810c6d03,54,4.0,7.4074074074074066
870d0118f7a9d85960f29ad89d5d989a,41,3.0,7.317073170731707
b372ee768ed69e46ca8cdbd267aa7a38,55,4.0,7.2727272727272725
d1c281d3ae149232351cd8c8cc885f0d,193,14.0,7.253886010362693
a416b6a846a11724393025641d4edd5e,154,11.0,7.142857142857142
7e1fb0a3ebfb01ffb3a7dae98bf3238d,140,10.0,7.142857142857142
1c68394e931a64f90ea236c5ea590300,127,9.0,7.086614173228346
3f995f07c49d0d55a99d5c54957f7d81,43,3.0,6.976744186046512
0bae85eb84b9fb3bd773911e89288d54,130,9.0,6.923076923076923
fdb9095204a334cd8872252ffec6f2db,44,3.0,6.8181818181818175
0adac9fbd9a2b63cccaac4f8756c1ca8,103,7.0,6.796116504854369
0b90b6df587eb83608a64ea8b390cf07,148,10.0,6.756756756756757
ce248b21cb2adc36282ede306b7660e5,60,4.0,6.666666666666667
b92e3c8f9738272ff7c59e111e108d7c,60,4.0,6.666666666666667
0ef83d7d83ed97cd2a0049ac8be5f88a,45,3.0,6.666666666666667
2a261b5b644fa05f4f2700eb93544f2c,45,3.0,6.666666666666667
744dac408745240a2c2528fb1b6028f3,76,5.0,6.578947368421052
8e6cc767478edae941d9bd9eb778d77a,93,6.0,6.451612903225806
fde0cc9ea29c8ccfc0a2c22256a58c71,31,2.0,6.451612903225806
218d46b86c1881d022bce9c68a7d4b15,358,23.0,6.424581005586592
4e7c18b98d84e05cbae3ff0ff03846c2,79,5.0,6.329113924050633
d3f39f05462b79a4562d35893a28f159,32,2.0,6.25
d2374cbcbb3ca4ab1086534108cc3ab7,466,29.0,6.223175965665236
db4350fd57ae30082dec7acbaacc17f9,129,8.0,6.2015503875969
00ee68308b45bc5e2660cd833c3f81cc,130,8.0,6.153846153846154
259f7b5e6e482c230e5bfaa670b6bb8f,130,8.0,6.153846153846154
1ce3ae5a399804d1a87e706f8a813c3e,33,2.0,6.0606060606060606
d93919c944be9cff128f6c9cb899eacb,33,2.0,6.0606060606060606
e5a3438891c0bfdb9394643f95273d8e,200,12.0,6.0
e24fc9fcd865784fb25705606fe3dfe7,50,3.0,6.0
c3867b4666c7d76867627c2f7fb22e21,217,13.0,5.990783410138248
70eea00b476a314817cefde4aad4f89a,101,6.0,5.9405940594059405
71039d19d4303bf9054d69e9a9236699,34,2.0,5.88235294117647
e49c26c3edfa46d227d5121a6b6e4d37,34,2.0,5.88235294117647
3df020b72d3d44b3af9d110fa3940b65,52,3.0,5.769230769230769
1900267e848ceeba8fa32d80c1a5f5a8,349,20.0,5.730659025787966
5cbbd5a299cab112b7bf23862255e43e,35,2.0,5.714285714285714
004c9cd9d87a3c30c522c48c4fc07416,142,8.0,5.633802816901409
6b243f80ed07b10f0e8aa0f21a205f3c,71,4.0,5.633802816901409
9de4643a8dbde634fe55621059d92273,72,4.0,5.555555555555555
14d7985702e72162bbf13b6beb74ab2b,36,2.0,5.555555555555555
5a93f3ab0ef4c84ed5e1b5dbf23978bc,36,2.0,5.555555555555555
113e3a788b935f48aad63e1c41dac1bd,36,2.0,5.555555555555555
96804ea39d96eb908e7c3afdb671bb9e,36,2.0,5.555555555555555
86ccac0b835037332a596a33b6949ee1,164,9.0,5.487804878048781
391fc6631aebcf3004804e51b40bcf1e,476,26.0,5.46218487394958
17f51e7198701186712e53a39c564617,55,3.0,5.454545454545454
1eade46fba20122dc4aefb379f8c636b,55,3.0,5.454545454545454
d20b021d3efdf267a402c402a48ea64b,74,4.0,5.405405405405405
670c26e0f1bf8d0576271d5cfaec6d2b,74,4.0,5.405405405405405
d66c305afaec317ebee552073a674429,37,2.0,5.405405405405405
53e4c6e0f4312d4d2107a8c9cddf45cd,429,23.0,5.361305361305361
058fd0aa2bfdb2274e05e1ae971dabb6,56,3.0,5.357142857142857
b6d44737c043328708f6749c2dbe50bd,56,3.0,5.357142857142857
e62b2d6ac10570a035a30bafcf01d263,56,3.0,5.357142857142857
cab85505710c7cb9b720bceb52b01cee,187,10.0,5.347593582887701
8b28d096634035667e8263d57ba3368c,131,7.0,5.343511450381679
080199a181c46c657dc5aa235411be3b,77,4.0,5.194805194805195
01cf7e3d21494c41fb86034f2e714fa1,58,3.0,5.172413793103448
1554a68530182680ad5c8b042c3ab563,233,12.0,5.150214592274678
e5a38146df062edaf55c38afa99e42dc,117,6.0,5.128205128205128
e63e8bfa530fb16910dd6956e592bb81,39,2.0,5.128205128205128
0bf0150d5b9d60d9cd2906003332f085,39,2.0,5.128205128205128
ad420dd0c4f92f8af951ac24b86d0cf5,39,2.0,5.128205128205128
9add47bf45ce8e8c7db6b9cf670b1e09,39,2.0,5.128205128205128
37be5a7c751166fbc5f8ccba4119e043,257,13.0,5.058365758754864
82e0a475a88cc9595229d8029273f045,40,2.0,5.0
834f8533b2ecb6598dd004ff3de7203a,40,2.0,5.0
6f892e20a171e98efe17fdb971ff319b,40,2.0,5.0
e9779976487b77c6d4ac45f75ec7afe9,610,30.0,4.918032786885246
5f1dc28029d2c244352a68107ec2b542,61,3.0,4.918032786885246
ff1fb4c404b2efe68b03350a8dc24122,41,2.0,4.878048780487805
31344c16881c08a8a72c6d2eb29918c1,41,2.0,4.878048780487805
76d64c4aca3a7baf218bf93ef7fa768d,62,3.0,4.838709677419355
891071be6ba827b591264c90c2ae8a63,83,4.0,4.819277108433735
cc419e0650a3c5ba77189a1882b7556a,1560,75.0,4.807692307692308
da8622b14eb17ae2831f4ac5b9dab84a,1234,59.0,4.781199351701783
d566c37fa119d5e66c4e9052e83ee4ea,63,3.0,4.761904761904762
f0b47fbbc6dee9aafe415a6e33051b3f,63,3.0,4.761904761904762
b8bc237ba3788b23da09c0f1f3a3288c,42,2.0,4.761904761904762
4da0e408c99d2fdc2126dc9fce518060,42,2.0,4.761904761904762
602044f2c16190c2c6e45eb35c2e21cb,42,2.0,4.761904761904762
1da366cade6d8276e7d8beea7af5d4bf,42,2.0,4.761904761904762
0ed6ce5d87fd9c69eaacaeb778d67235,42,2.0,4.761904761904762
e333046ce6517bd8bb510291d44f0130,64,3.0,4.6875
4a3ca9315b744ce9f8e9374361493884,1653,77.0,4.658197217180883
41b39e28db005d9731d9d485a83b4c38,172,8.0,4.651162790697675
165fc07beebdcb6190fba8a06db2a449,43,2.0,4.651162790697675
f4aba7c0bca51484c30ab7bdc34bcdd1,108,5.0,4.62962962962963
9d5a9018aee56acb367ba9c3f05d1d6a,65,3.0,4.615384615384616
bbad7e518d7af88a0897397ffdca1979,65,3.0,4.615384615384616
8444e55c1f13cd5c179851e5ca5ebd00,87,4.0,4.597701149425287
8648b1e89e9b349e32d3741b30ec737e,88,4.0,4.545454545454546
02f623a8eb246f3c5f7c2f96462654e6,44,2.0,4.545454545454546
fc906263ca5083d09dce42fe02247800,111,5.0,4.504504504504505
88460e8ebdecbfecb5f9601833981930,225,10.0,4.444444444444445
827f8f69dfa529c561901c4f2e0f332f,90,4.0,4.444444444444445
440dd6ab244315c632130ecfb63827b1,90,4.0,4.444444444444445
06e5eefc71ec47ae763c5c6f8db7064f,90,4.0,4.444444444444445
7aa4334be125fcdd2ba64b3180029f14,203,9.0,4.433497536945813
87142160b41353c4e5fca2360caf6f92,294,13.0,4.421768707482993
0b35c634521043bf4b47e21547b99ab5,46,2.0,4.3478260869565215
a673821011d0cec28146ea42f5ab767f,116,5.0,4.310344827586207
aac29b1b99776be73c3049939652091d,93,4.0,4.301075268817205
ececbfcff9804a2d6b40f589df8eef2b,93,4.0,4.301075268817205
b2479f944e1b90cf8a5de1bbfde284d6,93,4.0,4.301075268817205
80e6699fe29150b372a0c8a1ebf7dcc8,94,4.0,4.25531914893617
d12c926d74ceff0a90a21184466ce161,71,3.0,4.225352112676056
701938c450705b8ae65fc923b70f35c7,71,3.0,4.225352112676056
9b013e03b2ab786505a1d3b5c0756754,166,7.0,4.216867469879518
1025f0e2d44d7041d6cf58b6550e0bfa,856,36.0,4.205607476635514
1da3aeb70d7989d1e6d9b0e887f97c23,238,10.0,4.201680672268908
8a32e327fe2c1b3511609d81aaf9f042,119,5.0,4.201680672268908
e9bc59e7b60fc3063eb2290deda4cced,192,8.0,4.166666666666666
d673a59aac7a70d8b01e6902bf090a11,72,3.0,4.166666666666666
8f119a0aee85c0c8fc534629734e94fd,72,3.0,4.166666666666666
318f287a62ab7ac10b703ac37435a231,48,2.0,4.166666666666666
b1a81260566c1bac3114a6d124413f27,48,2.0,4.166666666666666
4d6d651bd7684af3fffabd5f08d12e5a,337,14.0,4.154302670623145
5a8e7d5003a1f221f9e1d6e411de7c23,121,5.0,4.132231404958678
77530e9772f57a62c906e1c21538ab82,291,12.0,4.123711340206185
febab0275244b9a49a623f0bd613ca2f,97,4.0,4.123711340206185
8e6d7754bc7e0f22c96d255ebda59eba,73,3.0,4.10958904109589
c70c1b0d8ca86052f45a432a38b73958,244,10.0,4.098360655737705
a6fe7de3d16f6149ffe280349a8535a0,49,2.0,4.081632653061225
25cf099de44674fde97473224f9d59ab,49,2.0,4.081632653061225
fffd5413c0700ac820c7069d66d98c89,49,2.0,4.081632653061225
2e90cb1677d35cfe24eef47d441b7c87,123,5.0,4.0650406504065035
17a053fcb14bd219540cbde0df490be0,123,5.0,4.0650406504065035
b14db04aa7881970e83ffa9426897925,74,3.0,4.054054054054054
33a6f4b1e7cdc205511e76ba1b6e0186,99,4.0,4.040404040404041
7722b1df1b0e383e000397b2c11e3e19,125,5.0,4.0
cfb1a033743668a192316f3c6d1d2671,125,5.0,4.0
620c87c171fb2a6dd6e8bb4dec959fc6,701,28.0,3.9942938659058487
710e3548e02bc1d2831dfc4f1b5b14d4,126,5.0,3.968253968253968
1a3df491d1c4f1589fc2b934ada68bf2,152,6.0,3.9473684210526314
0d85bbda9889ce1f7e63778d24f346eb,51,2.0,3.9215686274509802
de23c3b98a88888289c6f5cc1209054a,154,6.0,3.896103896103896
9674754b5a0cb32b638cec001178f799,78,3.0,3.8461538461538463
6c7d50c24b3ccd2fd83b44d8bb34e073,105,4.0,3.8095238095238098
1ca7077d890b907f89be8c954a02686a,106,4.0,3.7735849056603774
6d803cb79cc31c41c4c789a75933b3c7,53,2.0,3.7735849056603774
897060da8b9a21f655304d50fd935913,293,11.0,3.754266211604096
a3a38f4affed601eb87a97788c949667,240,9.0,3.75
c8b0e2b0a7095e5d8219575d5e7e1181,80,3.0,3.75
ebd2d60905fb58271facef5596b620d3,80,3.0,3.75
b499c00f28f4b7069ff6550af8c1348a,136,5.0,3.6764705882352944
7ad32824caee82087b3e2e5f33b1bf32,136,5.0,3.6764705882352944
f5a590cf36251cf1162ea35bef76fe84,109,4.0,3.669724770642202
1b4c3a6f53068f0b6944d2d005c9fc89,110,4.0,3.6363636363636362
05ff92fedb5be47920fea08e501238b9,55,2.0,3.6363636363636362
e882b2a25a10b9c057cc49695f222c19,55,2.0,3.6363636363636362
0509040ea3fe50071181bbc359eb7738,83,3.0,3.614457831325301
813348c996469b40f2e028d5429d3495,168,6.0,3.571428571428571
44073f8b7e41514de3b7815dd0237f4f,140,5.0,3.571428571428571
8581055ce74af1daba164fdbd55a40de,365,13.0,3.5616438356164384
7142540dd4c91e2237acb7e911c4eba2,309,11.0,3.559870550161812
6cd68b3ed6d59aaa9fece558ad360c0a,142,5.0,3.5211267605633805
dd7ddc04e1b6c2c614352b383efe2d36,114,4.0,3.508771929824561
06579cb253ecd5a3a12a9e6eb6bf8f47,57,2.0,3.508771929824561
f7720c4fa8e3aba4546301ab80ea1f1b,57,2.0,3.508771929824561
2138ccb85b11a4ec1e37afbd1c8eda1f,372,13.0,3.494623655913978
d6b1ce66b035a475f00c017792ff9769,86,3.0,3.488372093023256
36a968b544695394e4e9d7572688598f,144,5.0,3.4722222222222223
855668e0971d4dfd7bef1b6a4133b41b,289,10.0,3.4602076124567476
d57e18d5f73c7ccb7f7339b61166898d,58,2.0,3.4482758620689653
7b07b3c7487f0ea825fc6df75abd658b,88,3.0,3.4090909090909087
05d2173d43ea568aa0540eba70d2ca76,59,2.0,3.389830508474576
1f50f920176fa81dab994f9023523100,1338,45.0,3.3632286995515694
a17f621c590ea0fab3d5d883e1630ec6,60,2.0,3.3333333333333335
e8b4225284fbb02d16f200513f1f395d,30,1.0,3.3333333333333335
78c99c6dff4eeae5be99bf635ed21e3f,30,1.0,3.3333333333333335
79ebd9a61bac3eaf882805ed4ecfa12a,121,4.0,3.3057851239669422
3db66a856d18a9cba7c9241fc5221c50,91,3.0,3.296703296703297
822166ed1e47908f7cfb49946d03c726,61,2.0,3.278688524590164
d94a40fd42351c259927028d163af842,92,3.0,3.260869565217391
cbd996ad3c1b7dc71fd0e5f5df9087e2,154,5.0,3.2467532467532463
54a1852d1b8f10312c55e906355666ee,186,6.0,3.225806451612903
48162d548f5b1b11b9d29d1e01f75a61,62,2.0,3.225806451612903
8ae520247981aa06bc94abddf5f46d34,62,2.0,3.225806451612903
ed4acab38528488b65a9a9c603ff024a,31,1.0,3.225806451612903
5d3bb11474a06bdc23fb9e89f1164ee0,31,1.0,3.225806451612903
6560211a19b47992c3666cc44a7e94c0,1739,56.0,3.220241518113859
4c2b230173bb36f9b240f2b8ac11786e,249,8.0,3.2128514056224895
0241d4d5d36f10f80c644447315af0bd,218,7.0,3.211009174311927
669ae81880e08f269a64487cfb287169,157,5.0,3.1847133757961785
643214e62b870443ccbe55ab29a4dccf,63,2.0,3.1746031746031744
d98eec89afa3380e14463da2aabaea72,160,5.0,3.125
01fdefa7697d26ad920e9e0346d4bd1b,128,4.0,3.125
066a6914e1ebf3ea95a216c73a986b91,64,2.0,3.125
1caf283236cd69af44cbc09a0a1e7d32,32,1.0,3.125
3fd1e727ba94cfe122d165e176ce7967,32,1.0,3.125
f62d7bb4a613ec758a03342d46b580b2,32,1.0,3.125
8160255418d5aaa7dbdc9f4c64ebda44,354,11.0,3.1073446327683616
42b729f859728f5079499127a9c2ef37,97,3.0,3.0927835051546393
95e03ca3d4146e4011985981aeb959b9,164,5.0,3.048780487804878
a3dd39f583bc80bd8c5901c95878921e,33,1.0,3.0303030303030303
b90e891671cffd9557f33a97dc523645,33,1.0,3.0303030303030303
0ffa40d54288e4f3499b8780dd0f144f,33,1.0,3.0303030303030303
3ab971ce71839580d2ae5b4e40fe8044,33,1.0,3.0303030303030303
6338ea67c41078a46ad99cc009654956,33,1.0,3.0303030303030303
e8f6dc8e6a1dcde89d20e3995c8d90b3,33,1.0,3.0303030303030303
4371b634e0efc0e22b09b52907d9d469,100,3.0,3.0
dd2bdf855a9172734fbc3744021ae9b9,100,3.0,3.0
26d8a1c7c75d513045798992ead43aa2,34,1.0,2.941176470588235
0c8380b62e38e8a1e6adbeba7eb9688c,171,5.0,2.923976608187134
1835b56ce799e6a4dc4eddc053f04066,380,11.0,2.8947368421052633
85d9eb9ddc5d00ca9336a2219c97bb13,484,14.0,2.8925619834710745
25e6ffe976bd75618accfe16cefcbd0d,105,3.0,2.857142857142857
3c03b12bab54d8b37d79d914bfdb1aa0,35,1.0,2.857142857142857
66dc1b1632bd6a3e508510c5b3492107,35,1.0,2.857142857142857
bd4889b5e9133b35b66e42a8665cea5c,35,1.0,2.857142857142857
20d83f3ef0e6925fd74bfd59170babf7,35,1.0,2.857142857142857
718539d38d07dd351c76db862760e2e2,35,1.0,2.857142857142857
3586b8580d9c917874e053a1bb37b5ff,35,1.0,2.857142857142857
f45122a9ab94eb4f3f8953578bc0c560,177,5.0,2.824858757062147
fe2032dab1a61af8794248c8196565c9,286,8.0,2.797202797202797
1c129092bf23f28a5930387c980c0dfc,179,5.0,2.793296089385475
1127b7f2594683f2510f1c2c834a486b,108,3.0,2.7777777777777777
516e7738bd8f735ac19a010ee5450d8d,72,2.0,2.7777777777777777
75fbb52eda0cbc24f479d3b2fbfa8d3e,36,1.0,2.7777777777777777
63b464dbf392c7b80d12d932fa7cafed,36,1.0,2.7777777777777777
ccc4bbb5f32a6ab2b7066a4130f114e3,181,5.0,2.7624309392265194
537eb890efff034a88679788b647c564,146,4.0,2.73972602739726
fa40cc5b934574b62717c68f3d678b6d,295,8.0,2.711864406779661
2528513dd95219a6013d4d05176e391a,148,4.0,2.7027027027027026
2d50d6282f8aa2257819a77bfaa0efe0,37,1.0,2.7027027027027026
2a84855fd20af891be03bc5924d2b453,149,4.0,2.684563758389262
ea8482cd71df3c1969d7b9473ff13abc,1090,29.0,2.6605504587155964
688756f717c462a206ad854c5027a64a,76,2.0,2.631578947368421
3be634553519fb6536a03e1358e9fdc7,76,2.0,2.631578947368421
f789d2c4f2c2eb38fc4373e7a4b35264,38,1.0,2.631578947368421
55a5b51f93f2b70ea513f5a047b0262a,38,1.0,2.631578947368421
ef506c96320abeedfb894c34db06f478,307,8.0,2.6058631921824107
2e1c9f22be269ef4643f826c9e650a52,156,4.0,2.564102564102564
3f3486b61f45078d4f31ee5e43d8c5bb,39,1.0,2.564102564102564
abcd2cb37d46c2c8fb1bf071c859fc5b,39,1.0,2.564102564102564
b56906f7fd1696e043f1bcce164c487b,39,1.0,2.564102564102564
d1b65fc7debc3361ea86b5f14c68d2e2,39,1.0,2.564102564102564
5dceca129747e92ff8ef7a997dc4f8ca,313,8.0,2.5559105431309903
080102cd0a76b09e0dcf55fcacc60e05,118,3.0,2.5423728813559325
eeb6de78f79159600292e314a77cbd18,79,2.0,2.5316455696202533
2c9e548be18521d1c43cde1c582c6de8,119,3.0,2.5210084033613445
4830e40640734fc1c52cd21127c341d4,199,5.0,2.512562814070352
bd23da7354813347129d751591d1a6e2,80,2.0,2.5
609e1a9a6c2539919b8205cf7c4e6ff0,80,2.0,2.5
c013e57c075a06e5b5c48ee03c525719,40,1.0,2.5
ce27a3cc3c8cc1ea79d11e561e9bebb6,121,3.0,2.479338842975207
17e34d8224d27a541263c4c64b11a56b,243,6.0,2.4691358024691357
dbd66278cbfe1aa1000f90a217ca4695,81,2.0,2.4691358024691357
7c67e1448b00f6e969d365cea6b010ab,941,23.0,2.4442082890541976
c9c7905cffc4ef9ff9f113554423e671,123,3.0,2.4390243902439024
e0a366315b1b726b6c7832d664c0f530,41,1.0,2.4390243902439024
835f0f7810c76831d6c7d24c7a646d4d,41,1.0,2.4390243902439024
43f8c9950d11ecd03a0304a49e010da6,41,1.0,2.4390243902439024
2ff97219cb8622eaf3cd89b7d9c09824,83,2.0,2.4096385542168677
0df3984f9dfb3d49ac6366acbd3bbb85,83,2.0,2.4096385542168677
b561927807645834b59ef0d16ba55a24,83,2.0,2.4096385542168677
46dc3b2cc0980fb8ec44634e21d2718e,500,12.0,2.4
522620dcb18a6b31cd7bdf73665113a9,167,4.0,2.3952095808383236
53243585a1d6dc2643021fd1853d8905,336,8.0,2.380952380952381
c68fb906c8f4b4b946d8386bfa6e5467,42,1.0,2.380952380952381
9b00ed88b7fdb95d6ff76e27c1b52d16,42,1.0,2.380952380952381
903037660cf848a717166eb7a06d616e,42,1.0,2.380952380952381
2a5b78b41cd05baeac8df54c6606b92c,42,1.0,2.380952380952381
725c32fa80c2faacc4fc88450d27314e,85,2.0,2.3529411764705883
98dac6635aee4995d501a3972e047414,85,2.0,2.3529411764705883
70a12e78e608ac31179aea7f8422044b,300,7.0,2.3333333333333335
4c498c7345e89aebad651544829beca0,43,1.0,2.3255813953488373
c66dccfb3f109511246da627dd5a2498,43,1.0,2.3255813953488373
bccf933e006e9b94a6184af782963e77,43,1.0,2.3255813953488373
994f04b3718c2bab35c2adfa8afecd2a,43,1.0,2.3255813953488373
b32be1695eb7ec5f10f72d9610a12527,43,1.0,2.3255813953488373
624f4ece8da4aafb77699233d480f8ef,43,1.0,2.3255813953488373
213b25e6f54661939f11710a6fddb871,130,3.0,2.307692307692308
f84fa566034f5e8e880a07ec624c56af,87,2.0,2.2988505747126435
48436dade18ac8b2bce089ec2a041202,132,3.0,2.272727272727273
1d8dbc4f32378d715c717c1c1fc57bae,88,2.0,2.272727272727273
0691148aee60ca47977c187804f935ae,44,1.0,2.272727272727273
f680f85bee2d253556ac91be391d2c82,44,1.0,2.272727272727273
8b9d6eec4a7eb7d0f9d579ce0b38324d,44,1.0,2.272727272727273
4e922959ae960d389249c378d1c939f5,398,9.0,2.261306532663317
3c7c4a49ec3c6550809089c6a2ca9370,134,3.0,2.2388059701492535
b4ffb71f0cb1b1c3d63fad021ecf93e1,134,3.0,2.2388059701492535
afe0067131b73e40875c9b6c10bd2e21,45,1.0,2.2222222222222223
7e93a43ef30c4f03f38b393420bc753a,316,7.0,2.2151898734177213
b2ba3715d723d245138f291a6fe42594,317,7.0,2.2082018927444795
7ddcbb64b5bc1ef36ca8c151f6ec77df,319,7.0,2.19435736677116
a1043bafd471dff536d0c462352beb48,685,15.0,2.18978102189781
530ec6109d11eaaf87999465c6afee01,92,2.0,2.1739130434782608
56642bcb79900e777d68e91915cb4267,46,1.0,2.1739130434782608
002100f778ceb8431b7a1020ff7ab48f,46,1.0,2.1739130434782608
83e197e95a1bbabc8c75e883ed016c47,46,1.0,2.1739130434782608
6edacfd9f9074789dad6d62ba7950b9c,188,4.0,2.127659574468085
95f83f51203c626648c875dd41874c7f,47,1.0,2.127659574468085
729b2d09b2a0bdab221076327f13d050,47,1.0,2.127659574468085
4c03b9dd4c11ee2cb35c96c49efc9420,47,1.0,2.127659574468085
2a7dc43cecabf23403078e2188437d1d,47,1.0,2.127659574468085
128639473a139ac0f3e5f5ade55873a5,518,11.0,2.1235521235521233
f214d28e8d8e3ef068748498ccc2f813,48,1.0,2.083333333333333
23d7c96d4a1160db1c726b248601b25a,48,1.0,2.083333333333333
8f2ce03f928b567e3d56181ae20ae952,145,3.0,2.0689655172413794
abe42c5d03695b4257b5c6cbf4e6784e,49,1.0,2.0408163265306123
3504c0cb71d7fa48d967e0e4c94d59d9,49,1.0,2.0408163265306123
751bdc4d83a466c7206cd42e8f426b03,49,1.0,2.0408163265306123
634964b17796e64304cadf1ad3050fb7,247,5.0,2.0242914979757085
7202e2ba20579a9bd1acb29e61fe71f6,50,1.0,2.0
d9a84e1403de8da0c3aa531d6d108ba6,50,1.0,2.0
b1fc4f64df5a0e8b6913ab38803c57a9,101,2.0,1.9801980198019802
dbb9b48c841a0e39e21f98e1a6b2ec3e,101,2.0,1.9801980198019802
7a67c85e85bb2ce8582c35f2203ad736,1115,22.0,1.9730941704035874
750303a20e9c56b2a6bc45cdce0b897d,51,1.0,1.9607843137254901
8c16d1f32a54d92897cc437244442e1b,103,2.0,1.9417475728155338
6d66611d7c44cc30ce351abc49a68421,155,3.0,1.935483870967742
e067ad2c1c0b48758eb1b5228bcf7a68,52,1.0,1.9230769230769231
7d456afc660226829370f3173d14520c,52,1.0,1.9230769230769231
a5cba26a62b8b4d0145b68b841e62e7f,52,1.0,1.9230769230769231
4992e76a42cb3aad7a7047e0d3d7e729,52,1.0,1.9230769230769231
b76dba6c951ab00dc4edf0a1aa88037e,157,3.0,1.910828025477707
640e21a7d01df7614a3b4923e990d40c,105,2.0,1.9047619047619049
cc63f0dd2acba93ffed4fe9f8e0321fa,53,1.0,1.8867924528301887
fcb5ace8bcc92f75707dc0f01a27d269,53,1.0,1.8867924528301887
d9bd94811c3338dceb4181f3dbc0c73e,53,1.0,1.8867924528301887
45d33f715e24d15a6ccf5c17b3a23e3c,53,1.0,1.8867924528301887
06a2c3af7b3aee5d69171b0e14f0ee87,375,7.0,1.866666666666667
dc317f341ab0e22f39acbd9dbf9b4a1f,54,1.0,1.8518518518518516
2dee2ce60de9709b1a24083217181a1f,54,1.0,1.8518518518518516
dbc22125167c298ef99da25668e1011f,379,7.0,1.8469656992084433
92eb0f42c21942b6552362b9b114707d,326,6.0,1.8404907975460123
f80edd2c5aaa505cc4b0a3b219abf4b8,109,2.0,1.834862385321101
fa1c13f2614d7b5c4749cbc52fecda94,552,10.0,1.8115942028985508
16090f2ca825584b5a147ab24aa30c86,392,7.0,1.7857142857142856
376a891762bbdecbc02b4b6adec3fdda,56,1.0,1.7857142857142856
aced59e9b31ef866a94f9e7f29d8d418,56,1.0,1.7857142857142856
431af27f296bc6519d890aa5a05fdb11,113,2.0,1.7699115044247788
8b321bb669392f5163d04c59e235e066,909,16.0,1.76017601760176
1e8b33f18b4f7598d87f5cbee2282cc2,114,2.0,1.7543859649122806
17ca9b9e9b9ef8fdb529001b49ebb50f,114,2.0,1.7543859649122806
0c7533c71df861ec58ad7ff999ed0e8d,57,1.0,1.7543859649122806
05f51e13da97139648b8125c31e5f51b,57,1.0,1.7543859649122806
a3e9a2c700480d9bb01fba070ba80a0e,115,2.0,1.7391304347826086
229c3efbfb0ea2058de4ccdfbc3d784a,115,2.0,1.7391304347826086
f8db351d8c4c4c22c6835c19a46f01b0,635,11.0,1.7322834645669292
5058e8c1e82653974541e83690655b4a,58,1.0,1.7241379310344827
4c18691b6037662be2df78a765d98ab5,58,1.0,1.7241379310344827
6039e27294dc75811c0d8a39069f52c0,58,1.0,1.7241379310344827
709e16e2b25c7474d980076c6bfc4806,59,1.0,1.694915254237288
520b493b57809f446cb0a233bb3e25c7,59,1.0,1.694915254237288
850f4f8af5ea87287ac68de36e29107f,180,3.0,1.6666666666666667
57e632711dec9ec14ca7546769483e7e,60,1.0,1.6666666666666667
116ccb1a1604bc88e4d234a8c23f33de,60,1.0,1.6666666666666667
715bbd5ba4e6b74cb0d2f29eb45058b0,60,1.0,1.6666666666666667
6a8b085f816a1f75f92dbac6eb545f8f,122,2.0,1.639344262295082
59fb871bf6f4522a87ba567b42dafecf,122,2.0,1.639344262295082
99eaacc9e6046db1c82b163c5f84869f,62,1.0,1.6129032258064515
966cb4760537b1404caedd472cc610a5,62,1.0,1.6129032258064515
6fd52c528dcb38be2eea044946b811f8,63,1.0,1.5873015873015872
a420f60ff1aa9acc80d0e42959f2b313,63,1.0,1.5873015873015872
0db783cfcd3b73998abc6e10e59a102f,127,2.0,1.574803149606299
001cca7ae9ae17fb1caed9dfb1094831,192,3.0,1.5625
834f3294fba9f932f56edc879193f925,64,1.0,1.5625
3d871de0142ce09b7081e2b9d1733cb1,1032,16.0,1.550387596899225
ceaec5548eefc6e23e6607c5435102e7,195,3.0,1.5384615384615385
12b9676b00f60f3b700e83af21824c0e,130,2.0,1.5384615384615385
94144541854e298c2d976cb893b81343,65,1.0,1.5384615384615385
cb8bcce248bb1fb274ba762d8b971456,65,1.0,1.5384615384615385
e26901d5ab434ce92fd9b5c256820a4e,196,3.0,1.530612244897959
7299e27ed73d2ad986de7f7c77d919fa,329,5.0,1.5197568389057752
5f2684dab12e59f83bef73ae57724e45,66,1.0,1.5151515151515151
f7ccf836d21b2fb1de37564105216cc1,66,1.0,1.5151515151515151
d50d79cb34e38265a8649c383dcffd48,67,1.0,1.4925373134328357
08633c14ef2db992c11f840f04fad4cd,68,1.0,1.4705882352941175
9646c3513289980f17226a2fc4720dbd,69,1.0,1.4492753623188406
54965bbe3e4f07ae045b90b0b8541f52,70,1.0,1.4285714285714286
81a1104df0f08b59c68aa5b03cfe398e,70,1.0,1.4285714285714286
4b9750c8ad28220fe6702d4ecb7c898f,212,3.0,1.4150943396226416
5cf13accae3222c70a9cac40818ae839,142,2.0,1.4084507042253522
b33e7c55446eabf8fe1a42d037ac7d6d,143,2.0,1.3986013986013985
a7f13822ceb966b076af67121f87b063,72,1.0,1.3888888888888888
11bfa66332777660bd0640ee84d47006,72,1.0,1.3888888888888888
4869f7a5dfa277a7dca6462dcf3b52b2,1090,15.0,1.3761467889908259
66922902710d126a0e7d26b0e3805106,147,2.0,1.3605442176870748
70c27847eca8195c983ed7e798c56743,74,1.0,1.3513513513513513
1f9ab4708f3056ede07124aad39a2554,75,1.0,1.3333333333333335
972d0f9cf61b499a4812cf0bfa3ad3c4,75,1.0,1.3333333333333335
ce7d1888639e6fb06b2749cbfdac1ff7,75,1.0,1.3333333333333335
d921b68bf747894be13a97ae52b0f386,75,1.0,1.3333333333333335
0be8ff43f22e456b4e0371b2245e4d01,151,2.0,1.3245033112582782
1bb2bdb95f4841f1bba2c0d2cd83d3c9,78,1.0,1.282051282051282
0dd184061fb0eaa7ca37932c68ab91c5,157,2.0,1.2738853503184715
e8b3a3a38279a82f0e5d006d5e5b7d2c,79,1.0,1.2658227848101267
0432ead42b6c8a0bdf68154add917fdf,79,1.0,1.2658227848101267
edb1ef5e36e0c8cd84eb3c9b003e486d,160,2.0,1.25
ba143b05f0110f0dc71ad71b4466ce92,82,1.0,1.2195121951219512
5656537e588803a555b8eb41f07a944b,165,2.0,1.2121212121212122
7d76b645482be4a332374e8223836592,165,2.0,1.2121212121212122
f3b80352b986ab4d1057a4b724be19d0,84,1.0,1.1904761904761905
c826c40d7b19f62a09e2d7c5e7295ee2,339,4.0,1.1799410029498525
f84a00e60c73a49e7e851c9bdca3a5bb,85,1.0,1.1764705882352942
adbc26658d6c7b4b6219f9d934598091,85,1.0,1.1764705882352942
dee656f0f566ed1aa85bd137c943f08f,85,1.0,1.1764705882352942
955fee9216a65b617aa5c0531780ce60,1234,14.0,1.1345218800648298
f262cbc1c910c83959f849465454ddd3,178,2.0,1.1235955056179776
7ea5bfa6c340f58f8e71fc1f0412b0d6,89,1.0,1.1235955056179776
527801b552d0077ffd170872eb49683b,89,1.0,1.1235955056179776
f27e33c6d29b5138fa9967bcd445b6d5,89,1.0,1.1235955056179776
8a432f4e5b471f8da497d7dc517666e2,90,1.0,1.1111111111111112
5d0363b33554b373851fc1622e4d5f3c,90,1.0,1.1111111111111112
7e3f87d16fb353f408d467e74fbd8014,90,1.0,1.1111111111111112
7d13fca15225358621be4086e1eb0964,546,6.0,1.098901098901099
ff063b022a9a0aab91bad2c9088760b7,91,1.0,1.098901098901099
729f06993dac8e860d4f02d7088ca48a,92,1.0,1.0869565217391304
a49928bcdf77c55c6d6e05e09a9b4ca5,92,1.0,1.0869565217391304
04308b1ee57b6625f47df1d56f00eedf,92,1.0,1.0869565217391304
9d4db00d65d7760644ac0c14edb5fd86,95,1.0,1.0526315789473684
9f505651f4a6abe901a56cdc21508025,383,4.0,1.0443864229765014
5c243662ce92d84573bfaff24c3e3700,97,1.0,1.0309278350515463
282f23a9769b2690c5dda22e316f9941,97,1.0,1.0309278350515463
ac3508719a1d8f5b7614b798f70af136,98,1.0,1.0204081632653061
7040e82f899a04d1b434b795a43b4617,202,2.0,0.9900990099009901
8d956fec2e4337affcb520f56fd8cbfd,206,2.0,0.9708737864077669
289cdb325fb7e7f891c38608bf9e0962,103,1.0,0.9708737864077669
612170e34b97004b3ba37eae81836b4c,104,1.0,0.9615384615384616
f7ba60f8c3f99e7ee4042fdef03b70c4,212,2.0,0.9433962264150944
c33847515fa6305ce6feb1e818569f13,106,1.0,0.9433962264150944
18a349e75d307f4b4cc646a691ed4216,107,1.0,0.9345794392523363
de722cd6dad950a92b7d4f82673f8833,331,3.0,0.906344410876133
7008613ea464bad5cb9b83456e1e6a8f,121,1.0,0.8264462809917356
59b22a78efb79a4797979612b885db36,122,1.0,0.819672131147541
aafe36600ce604f205b86b5084d3d767,122,1.0,0.819672131147541
cd68562d3f44870c08922d380acae552,122,1.0,0.819672131147541
562fc2f2c2863ab7e79a9e4388a58a14,245,2.0,0.8163265306122449
e9d99831abad74458942f21e16f33f92,126,1.0,0.7936507936507936
ef0ace09169ac090589d85746e3e036f,126,1.0,0.7936507936507936
2eb70248d66e0e3ef83659f71b244378,180,1.0,0.5555555555555556
7178f9f4dd81dcef02f62acdf8151e01,199,1.0,0.5025125628140703
37515688008a7a40ac93e3b2e4ab203f,218,1.0,0.45871559633027525
c003204e1ab016dfa150abc119207b24,192,0.0,0.0
c31eff8334d6b3047ed34bebd4d62c36,115,0.0,0.0
bfd27a966d91cfaafdb25d076585f0da,111,0.0,0.0
9616352088dcf83a7c06637f4ebf1c80,88,0.0,0.0
bd0389da23d89b726abf911cccc54596,86,0.0,0.0
900ba814c251a692506d7834c1218441,83,0.0,0.0
f46490624488d3ff7ce78613913a7711,80,0.0,0.0
8bb48dc19fccaa8613b6229bf7f452a2,80,0.0,0.0
712e6ed8aa4aa1fa65dab41fed5737e4,76,0.0,0.0
34056b8b55c1775a22af2331670a799c,76,0.0,0.0
f3da5b2ff499efb8d4a6d371d175d7dd,74,0.0,0.0
6860153b69cc696d5dcfe1cdaaafcf62,74,0.0,0.0
dfa0c4c6229ab200a4a1336b4d7128ff,72,0.0,0.0
e59aa562b9f8076dd550fcddf0e73491,69,0.0,0.0
cac4c8e7b1ca6252d8f20b2fc1a2e4af,67,0.0,0.0
9e6229250fedbe05838fef417b74e7fb,66,0.0,0.0
30a2f535bb48308f991d0b9ad4a8c4bb,65,0.0,0.0
8cbac7e12637ed9cffa18c7875207478,65,0.0,0.0
d13e50eaa47b4cbe9eb81465865d8cfc,64,0.0,0.0
5343d0649eca2a983820bfe93fc4d17e,64,0.0,0.0
fd386aa7bed2af3c7035c65506c9b4a3,64,0.0,0.0
056b4ada5bbc2c50cc7842547dda6b51,63,0.0,0.0
96493fab2fbb13a14d0c0e8772eef5c3,63,0.0,0.0
1838dd9b8977065acf51d95e0053ea7a,62,0.0,0.0
8e8a7ce9f2f970dc00e2acf6f6e199f6,62,0.0,0.0
beadbee30901a7f61d031b6b686095ad,62,0.0,0.0
4e17c65a516f69d023a2ae78b84f28d6,60,0.0,0.0
4a3ccda38b2129705f3fb522db62ca31,60,0.0,0.0
c864036feaab8c1659f65ea4faebe1da,58,0.0,0.0
951e8cef368f09bb3f3d03c00ca4702c,58,0.0,0.0
75d34ebb1bd0bd7dde40dd507b8169c3,57,0.0,0.0
582d4f8675b945722eda7c0cb61ba4c7,55,0.0,0.0
7a241947449cc45dbfda4f9d0798d9d0,55,0.0,0.0
8a130737016f838139d31878787a39c9,53,0.0,0.0
1b8356dabde1d35e17cef975c3f82730,53,0.0,0.0
6c177e38df6d3f34182b1f1d427231bf,53,0.0,0.0
3078096983cf766a32a06257648502d1,53,0.0,0.0
7681ef142fd2c19048da7430856b5588,53,0.0,0.0
2b3e4a2a3ea8e01938cabda2a3e5cc79,50,0.0,0.0
a888faf2d1baececa6baf9c3d603ee1f,50,0.0,0.0
50c9975695009e5e6473912e83a6d1da,49,0.0,0.0
ea566164622c6b439516ab18062c42cd,49,0.0,0.0
aae3bfea055532c57fb453ed3ec80b30,48,0.0,0.0
b17b679f4f5ce2e03ce6968c62648246,47,0.0,0.0
2a1348e9addc1af5aaa619b1a3679d6b,46,0.0,0.0
382229d1e840115ffe3dbf5ff460e417,44,0.0,0.0
81f89e42267213cb94da7ddc301651da,44,0.0,0.0
432c37c9dfba871172ec162e20118b8c,44,0.0,0.0
381c83fdca332ea6afd896da20bf6e4a,44,0.0,0.0
3bb548e3cb7f70f28e3f11ee9dce0e59,44,0.0,0.0
09f952a5f58d2285b0372551ae8f9b01,43,0.0,0.0
138dbe45fc62f1e244378131a6801526,43,0.0,0.0
db2956745b3a8e9f3785c99f34b5d25e,43,0.0,0.0
406822777a0b9eb5c50e442dd4cd3ec5,43,0.0,0.0
6b90f847357d8981edd79a1eb1bf0acb,43,0.0,0.0
b18dc380845b24038cfc48006478f099,43,0.0,0.0
33a17d60c64393351ebf1ef860f4e0f2,42,0.0,0.0
5f3ae9136c875522250f8184f253413a,42,0.0,0.0
ef990a83bbea832f36ebe81376335aa8,42,0.0,0.0
acce39e832338debb07b02385cde5967,42,0.0,0.0
b410bdd36d5db7a65dcd42b7ead933b8,41,0.0,0.0
c847e075301870dd144a116762eaff9a,41,0.0,0.0
ede0c03645598cdfc63ca8237acbe73d,41,0.0,0.0
3d8fa2f5b647373c8620330c4e077a9f,41,0.0,0.0
58f1a6197ed863543e0136bdedb3fce2,41,0.0,0.0
83deb69e889cf80f82be1dc6d5f2d486,40,0.0,0.0
b39d7fe263ef469605dbb32608aee0af,40,0.0,0.0
cd06602b43d8800bd0afad514919d35c,40,0.0,0.0
d23019c84ffae2d5ef2270367b8605fc,39,0.0,0.0
23c38debaffe4a25a30fdbd9b586a13f,39,0.0,0.0
34d1ca11b242c0fee2c834ae8d788566,39,0.0,0.0
a2e874074c877c5a05abae80ad6e488f,39,0.0,0.0
ba90964cff9b9e0e6f32b23b82465f7b,38,0.0,0.0
1d4587203296c8f4ad134dc286fa6db0,38,0.0,0.0
c9aafcd0621b2207c10e32c649cada4d,38,0.0,0.0
7f7b8245c336066a1f9933c359f11d77,38,0.0,0.0
7dc8c42cc750eeafea6c85712ffee9bf,38,0.0,0.0
dd533b429f380718b70ad9922c294bae,37,0.0,0.0
5b8154610ebb21fb90eb587365e673df,37,0.0,0.0
b94cc9f10ddc85e4ba73a6f7974e7101,37,0.0,0.0
daeb5653dd96c1b11860f72209795012,37,0.0,0.0
c60b801f2d52c7f7f91de00870882a75,37,0.0,0.0
bacb1f0ed56ad24198f5810d2b3fe9a5,37,0.0,0.0
0cbcee27c791afa0cdcb08587a2013a8,36,0.0,0.0
594f9aaa48e5bf431f011ddc5669b0d5,36,0.0,0.0
31561f325664a8a7aba4c8d0c3a9b3db,36,0.0,0.0
bf84056e679dbe9c69929847a40e338f,35,0.0,0.0
0176f73cc1195f367f7b32db1e5b3aa8,35,0.0,0.0
99002261c568a84cce14d43fcffb43ea,35,0.0,0.0
bba74270a87732727b5a3b4fd9ac1c39,35,0.0,0.0
e96498ed8daaa3e9c23f7a62da76591c,34,0.0,0.0
ec8879960bd2221d5c32f8e12f7da711,34,0.0,0.0
240b9776d844d37535668549a396af32,34,0.0,0.0
dd55f1bb788714a40e7954c3be6df745,34,0.0,0.0
33ac3e28642ab8bda860a2f693000e78,34,0.0,0.0
11305281b50fff20ae8bb473f8e11876,33,0.0,0.0
6a0cbc8af2e8abd1bdfb777943d174c6,33,0.0,0.0
32b8764b4ef628b53608fc34011fcc13,33,0.0,0.0
5b179e9e8cc7ab6fd113a46ca584da81,33,0.0,0.0
ad781527c93d00d89a11eecd9dcad7c1,33,0.0,0.0
b839e41795b7f3ad94cc2014a52f6796,33,0.0,0.0
f181738b150df1f37cb0bd72e705b193,33,0.0,0.0
cee48807215b30a12ca2ca10ffb5f250,33,0.0,0.0
d5ba419e26d246a0719437cf37d9b46d,32,0.0,0.0
7b0df942f46435babab05d49b744b2c4,32,0.0,0.0
3c4e0452bff7a2a788179488d3d77032,32,0.0,0.0
dfc5fb7259bb2b599ca565e6e9448f0f,32,0.0,0.0
e2aee0892199b1d92530e371abd825bf,32,0.0,0.0
45ba18c210d42734ec52c0c1c574e9ee,32,0.0,0.0
8bd0f31cf0a614c658f6763bd02dea69,31,0.0,0.0
72c5da29406b4234927b81855e7b64f6,31,0.0,0.0
18e694e0e48ed6f7aa3f24aade5fd697,31,0.0,0.0
6b3bd31ad8fcda4b2635ec9f3ff2ecdf,31,0.0,0.0
20cb7c2fde3e5bf10f0bbe7394e1c6a9,31,0.0,0.0
93dc87703c046b603023e75222018b45,31,0.0,0.0
cc5a78bbad32776dc4e3af205218368c,31,0.0,0.0
66e0557ecc2b4dbea057e93f215f68d8,30,0.0,0.0
01fd077212124329bac32490e8ef80d9,30,0.0,0.0
65febd49fd28ec955651299159b1f527,30,0.0,0.0
4e06067cc08b3f41d837768d392c3ee3,30,0.0,0.0
33576ec5412fb5905d876f12f33bfde6,30,0.0,0.0
974cf2cb8f4b7add98709c30df02fe10,30,0.0,0.0
6ec1a01e866584bb679eb9b098345919,30,0.0,0.0
c8467937e403e76a8ee9f0ab13f6f5ef,30,0.0,0.0
c8b3445d737de6befde0c88ede534a5e,30,0.0,0.0
02f5837340d7eb4f653d676c7256523a,30,0.0,0.0
